Suite/Test/Step Name,Browser,Description,Tag,Start time,End time,Duration,Status
Runner By Feature,,,,2022-12-05 21:14:04,2022-12-05 21:24:23,10m - 19.104s,FAILED
,,,,,,,
Test Cases/Cucumber/Runner By Feature/Seller Product,,,,2022-12-05 21:14:04,2022-12-05 21:18:22,4m - 17.994s,PASSED
runWithCucumberRunner(Runner_Seller_Product),,,,2022-12-05 21:14:05,2022-12-05 21:18:22,4m - 17.155s,PASSED
,,,,,,,
Test Cases/Cucumber/Runner By Feature/Notification Buyer,,,,2022-12-05 21:18:22,2022-12-05 21:22:08,3m - 45.958s,FAILED
runWithCucumberRunner(Runner_Notification_Buyer),,,,2022-12-05 21:18:23,2022-12-05 21:22:08,3m - 45.482s,FAILED
,,,,,,,
Test Cases/Cucumber/Runner By Feature/Transaction History,,,,2022-12-05 21:22:08,2022-12-05 21:24:23,2m - 14.564s,FAILED
runWithCucumberRunner(Runner_Transaction_History),,,,2022-12-05 21:22:09,2022-12-05 21:24:23,2m - 13.845s,FAILED
