Suite/Test/Step Name,Browser,Description,Tag,Start time,End time,Duration,Status
Runner By Feature,,,,2022-12-05 20:23:36,2022-12-05 20:46:19,22m - 42.705s,FAILED
,,,,,,,
Test Cases/Cucumber/Runner By Feature/Login,,,,2022-12-05 20:23:37,2022-12-05 20:25:26,1m - 49.123s,PASSED
runWithCucumberRunner(Runner_Login),,,,2022-12-05 20:23:37,2022-12-05 20:25:26,1m - 48.347s,PASSED
,,,,,,,
Test Cases/Cucumber/Runner By Feature/Logout,,,,2022-12-05 20:25:26,2022-12-05 20:25:54,28.128s,PASSED
runWithCucumberRunner(Runner_Logout),,,,2022-12-05 20:25:26,2022-12-05 20:25:54,27.425s,PASSED
,,,,,,,
Test Cases/Cucumber/Runner By Feature/Homepage,,,,2022-12-05 20:25:54,2022-12-05 20:31:14,5m - 20.484s,PASSED
runWithCucumberRunner(Runner_Homepage),,,,2022-12-05 20:25:55,2022-12-05 20:31:14,5m - 19.290s,PASSED
,,,,,,,
Test Cases/Cucumber/Runner By Feature/Profile,,,,2022-12-05 20:31:14,2022-12-05 20:32:01,46.552s,PASSED
runWithCucumberRunner(Runner_Profile),,,,2022-12-05 20:31:15,2022-12-05 20:32:01,45.624s,PASSED
,,,,,,,
Test Cases/Cucumber/Runner By Feature/Buyer Order,,,,2022-12-05 20:32:01,2022-12-05 20:34:41,2m - 39.951s,PASSED
runWithCucumberRunner(Runner_Buyer_Order),,,,2022-12-05 20:32:02,2022-12-05 20:34:41,2m - 39.264s,PASSED
,,,,,,,
Test Cases/Cucumber/Runner By Feature/My Order,,,,2022-12-05 20:34:41,2022-12-05 20:36:13,1m - 31.620s,PASSED
runWithCucumberRunner(Runner_My_Order),,,,2022-12-05 20:34:42,2022-12-05 20:36:13,1m - 30.511s,PASSED
,,,,,,,
Test Cases/Cucumber/Runner By Feature/Seller Product,,,,2022-12-05 20:36:13,2022-12-05 20:40:37,4m - 24.241s,FAILED
runWithCucumberRunner(Runner_Seller_Product),,,,2022-12-05 20:36:13,2022-12-05 20:40:37,4m - 23.376s,FAILED
,,,,,,,
Test Cases/Cucumber/Runner By Feature/Notification Buyer,,,,2022-12-05 20:40:37,2022-12-05 20:44:00,3m - 23.224s,FAILED
runWithCucumberRunner(Runner_Notification_Buyer),,,,2022-12-05 20:40:37,2022-12-05 20:44:00,3m - 22.733s,FAILED
,,,,,,,
Test Cases/Cucumber/Runner By Feature/Transaction History,,,,2022-12-05 20:44:00,2022-12-05 20:46:19,2m - 18.833s,FAILED
runWithCucumberRunner(Runner_Transaction_History),,,,2022-12-05 20:44:00,2022-12-05 20:46:19,2m - 18.359s,FAILED
