Suite/Test/Step Name,Browser,Description,Tag,Start time,End time,Duration,Status
Runner By Feature,,,,2022-12-05 21:34:41,2022-12-05 21:40:12,5m - 30.880s,FAILED
,,,,,,,
Test Cases/Cucumber/Runner By Feature/Notification Buyer,,,,2022-12-05 21:34:42,2022-12-05 21:38:00,3m - 17.973s,FAILED
runWithCucumberRunner(Runner_Notification_Buyer),,,,2022-12-05 21:34:43,2022-12-05 21:38:00,3m - 16.640s,FAILED
,,,,,,,
Test Cases/Cucumber/Runner By Feature/Transaction History,,,,2022-12-05 21:38:00,2022-12-05 21:40:12,2m - 12.072s,PASSED
runWithCucumberRunner(Runner_Transaction_History),,,,2022-12-05 21:38:00,2022-12-05 21:40:12,2m - 11.456s,PASSED
